<?xml version="1.0" encoding="UTF-8"?>
<addon id="repository.yacoubs.subs" name="Yacoub's Repository" version="1.0.0" provider-name="Yacoub00">
    <extension point="xbmc.addon.repository" name="Yacoub's Repository">
        <dir>
            <info compressed="false">https://yacoubs00.github.io/addons.xml</info>
            <checksum>https://yacoubs00.github.io/addons.xml.md5</checksum>
            <datadir zip="true">https://yacoubs00.github.io/</datadir>
        </dir>
    </extension>
    <extension point="xbmc.addon.metadata">
        <summary lang="en">Yacoub's Subtitle Addon Repository</summary>
        <description lang="en">Repository for Yacoub's Subs - A comprehensive subtitle addon with multiple providers</description>
        <platform>all</platform>
        <license>MIT</license>
        <website>https://github.com/Yacoubs00/yacoubs00.github.io</website>
        <source>https://github.com/Yacoubs00/yacoubs00.github.io</source>
        <news>v1.0.0: Initial release</news>
        <assets>
            <icon>icon.png</icon>
            <fanart>fanart.jpg</fanart>
        </assets>
    </extension>
</addon>
